{"cameraMode":{"drawMode":0,"name":"Shaded","section":"Shading Mode"},"sceneLighting":false,"audioPlay":false,"sceneViewState":{"showFog":true,"showMaterialUpdate":false,"showSkybox":true,"showFlares":true,"showImageEffects":true,"showParticleSystems":true},"in2DMode":false,"pivot":{"x":9.999999046325684,"y":2.4999983310699465,"z":4.999999046325684},"rotation":{"x":-0.09419555962085724,"y":-0.9036281108856201,"z":0.2606353759765625,"w":-0.3265773355960846},"size":18.44756507873535,"orthographic":false}