{"cameraMode":{"drawMode":0,"name":"Shaded","section":"Shading Mode"},"sceneLighting":true,"audioPlay":false,"sceneViewState":{"showFog":true,"showMaterialUpdate":false,"showSkybox":true,"showFlares":true,"showImageEffects":true,"showParticleSystems":true},"in2DMode":false,"pivot":{"x":-2.910825252532959,"y":3.4427120685577394,"z":-5.48400354385376},"rotation":{"x":-0.06492436677217484,"y":0.8978015184402466,"z":-0.14148999750614167,"w":-0.41196829080581667},"size":12.388204574584961,"orthographic":false}