{"cameraMode":{"drawMode":0,"name":"Shaded","section":"Shading Mode"},"sceneLighting":true,"audioPlay":false,"sceneViewState":{"showFog":true,"showMaterialUpdate":false,"showSkybox":true,"showFlares":true,"showImageEffects":true,"showParticleSystems":true},"in2DMode":false,"pivot":{"x":-7.177648544311523,"y":-3.209967613220215,"z":-6.515263080596924},"rotation":{"x":-0.1401430070400238,"y":0.8596543073654175,"z":-0.3372059762477875,"w":-0.35727667808532717},"size":33.06814956665039,"orthographic":false}