{"cameraMode":{"drawMode":0,"name":"Shaded","section":"Shading Mode"},"sceneLighting":false,"audioPlay":false,"sceneViewState":{"showFog":true,"showMaterialUpdate":false,"showSkybox":true,"showFlares":true,"showImageEffects":true,"showParticleSystems":true},"in2DMode":false,"pivot":{"x":-3.5517749786376955,"y":1.702003002166748,"z":-1.366102933883667},"rotation":{"x":-0.13763131201267243,"y":0.8569249510765076,"z":-0.2952541410923004,"w":-0.39945247769355776},"size":5.459446430206299,"orthographic":false}