{"cameraMode":{"drawMode":0,"name":"Shaded","section":"Shading Mode"},"sceneLighting":true,"audioPlay":false,"sceneViewState":{"showFog":true,"showMaterialUpdate":false,"showSkybox":true,"showFlares":true,"showImageEffects":true,"showParticleSystems":true},"in2DMode":false,"pivot":{"x":4.214216232299805,"y":4.287917137145996,"z":-6.492534637451172},"rotation":{"x":-0.05027258023619652,"y":0.9420629739761353,"z":-0.16443796455860139,"w":-0.28801092505455019},"size":27.299409866333009,"orthographic":false}