{"cameraMode":{"drawMode":0,"name":"Shaded","section":"Shading Mode"},"sceneLighting":true,"audioPlay":false,"sceneViewState":{"showFog":true,"showMaterialUpdate":false,"showSkybox":true,"showFlares":true,"showImageEffects":true,"showParticleSystems":true},"in2DMode":false,"pivot":{"x":-6.2764692306518559,"y":7.612310409545898,"z":-8.323920249938965},"rotation":{"x":0.052539173513650897,"y":-0.9440604448318481,"z":0.18529757857322694,"w":0.26768338680267336},"size":72.82278442382813,"orthographic":false}