{"cameraMode":{"drawMode":0,"name":"Shaded","section":"Shading Mode"},"sceneLighting":false,"audioPlay":false,"sceneViewState":{"showFog":true,"showMaterialUpdate":false,"showSkybox":true,"showFlares":true,"showImageEffects":true,"showParticleSystems":true},"in2DMode":false,"pivot":{"x":-0.3565523624420166,"y":2.0751261711120607,"z":-3.688828229904175},"rotation":{"x":-0.15385673940181733,"y":0.8455169200897217,"z":-0.3434215486049652,"w":-0.37880203127861025},"size":3.457883596420288,"orthographic":false}