{"cameraMode":{"drawMode":0,"name":"Shaded","section":"Shading Mode"},"sceneLighting":false,"audioPlay":false,"sceneViewState":{"showFog":true,"showMaterialUpdate":false,"showSkybox":true,"showFlares":true,"showImageEffects":true,"showParticleSystems":true},"in2DMode":false,"pivot":{"x":5.34664249420166,"y":2.2832443714141847,"z":5.882082939147949},"rotation":{"x":-0.12943625450134278,"y":0.8621399402618408,"z":-0.27551156282424929,"w":-0.40503624081611636},"size":10.573214530944825,"orthographic":false}