{"cameraMode":{"drawMode":0,"name":"Shaded","section":"Shading Mode"},"sceneLighting":false,"audioPlay":false,"sceneViewState":{"showFog":true,"showMaterialUpdate":false,"showSkybox":true,"showFlares":true,"showImageEffects":true,"showParticleSystems":true},"in2DMode":false,"pivot":{"x":6.942254066467285,"y":1.189018964767456,"z":6.510151386260986},"rotation":{"x":-0.1103784516453743,"y":0.7366696000099182,"z":-0.1240365132689476,"w":-0.6555527448654175},"size":14.556215286254883,"orthographic":false}