{"cameraMode":{"drawMode":0,"name":"Shaded","section":"Shading Mode"},"sceneLighting":false,"audioPlay":false,"sceneViewState":{"showFog":true,"showMaterialUpdate":false,"showSkybox":true,"showFlares":true,"showImageEffects":true,"showParticleSystems":true},"in2DMode":false,"pivot":{"x":-1.9582405090332032,"y":2.3720154762268068,"z":-7.960542678833008},"rotation":{"x":-0.10436684638261795,"y":0.8860034942626953,"z":-0.24264657497406007,"w":-0.381087988615036},"size":7.259000301361084,"orthographic":false}