{"cameraMode":{"drawMode":0,"name":"Shaded","section":"Shading Mode"},"sceneLighting":true,"audioPlay":false,"sceneViewState":{"showFog":true,"showMaterialUpdate":false,"showSkybox":true,"showFlares":true,"showImageEffects":true,"showParticleSystems":true},"in2DMode":false,"pivot":{"x":-0.9684846997261047,"y":4.732307434082031,"z":-1.5876307487487794},"rotation":{"x":-0.06676455587148667,"y":0.9110805988311768,"z":-0.1632579267024994,"w":-0.37258753180503847},"size":10.0,"orthographic":false}